{
  "LSTM": {
    "accuracy": 0.9403629938965627,
    "f1_macro": 0.900473421575861,
    "f1_weighted": 0.9414052430259434
  },
  "Hybrid_CNN_LSTM": {
    "accuracy": 0.9651943462897526,
    "f1_macro": 0.9281801828885192,
    "f1_weighted": 0.964525853898364
  }
}